ID,First Name,Last Name,Email
1,John,Doe,john.doe@gmail.com
2,Jane,Smith,jane.smith@yahoo.com
3,Michael,Johnson,michael.johnson@hotmail.com
4,Sarah,Williams,sarah.williams@outlook.com
5,David,Brown,david.brown@gmail.com
6,Emily,Davis,emily.davis@yahoo.com
7,John,Taylor,john.taylor@hotmail.com
8,Jane,Anderson,jane.anderson@outlook.com
9,Michael,Thomas,michael.thomas@gmail.com
10,Sarah,Clark,sarah.clark@yahoo.com
11,David,Hall,david.hall@hotmail.com
12,Emily,Walker,emily.walker@outlook.com
13,John,Young,john.young@gmail.com
14,Jane,Harris,jane.harris@yahoo.com
15,Michael,Martin,michael.martin@hotmail.com
16,Sarah,Wilson,sarah.wilson@outlook.com
17,David,Moore,david.moore@gmail.com
18,Emily,Jackson,emily.jackson@yahoo.com
19,John,Thompson,john.thompson@hotmail.com
20,Jane,White,jane.white@outlook.com
21,Michael,Harris,michael.harris@gmail.com
22,Sarah,Clark,sarah.clark@yahoo.com
23,David,Martin,david.martin@hotmail.com
24,Emily,Walker,emily.walker@outlook.com
25,John,Anderson,john.anderson@gmail.com
26,Jane,Thompson,jane.thompson@yahoo.com
27,Michael,Wilson,michael.wilson@hotmail.com
28,Sarah,Moore,sarah.moore@outlook.com
29,David,Jackson,david.jackson@gmail.com
30,Emily,Harris,emily.harris@yahoo.com
31,John,Clark,john.clark@hotmail.com
32,Jane,Martin,jane.martin@outlook.com
33,Michael,White,michael.white@gmail.com
34,Sarah,Thompson,sarah.thompson@yahoo.com
35,David,Anderson,david.anderson@hotmail.com
36,Emily,Clark,emily.clark@outlook.com
37,John,Moore,john.moore@gmail.com
38,Jane,Wilson,jane.wilson@yahoo.com
39,Michael,Jackson,michael.jackson@hotmail.com
40,Sarah,Harris,sarah.harris@outlook.com
41,David,Thompson,david.thompson@gmail.com
42,Emily,Anderson,emily.anderson@yahoo.com
43,John,Martin,john.martin@hotmail.com
44,Jane,White,jane.white@outlook.com
45,Michael,Moore,michael.moore@gmail.com
46,Sarah,Thompson,sarah.thompson@yahoo.com
47,David,Anderson,david.anderson@hotmail.com
48,Emily,Harris,emily.harris@outlook.com
49,John,Clark,john.clark@gmail.com
50,Jane,Martin,jane.martin@y